{
	"partitions" : [
		{
			"name" : "Top",
			"pins" : [
				{
					"name" : "HDMI_TX_D[0]",
					"strict" : false
				},
				{
					"name" : "HDMI_TX_D[1]",
					"strict" : false
				},
				{
					"name" : "HDMI_TX_D[2]",
					"strict" : false
				},
				{
					"name" : "HDMI_TX_D[3]",
					"strict" : false
				},
				{
					"name" : "HDMI_TX_D[4]",
					"strict" : false
				},
				{
					"name" : "HDMI_TX_D[5]",
					"strict" : false
				},
				{
					"name" : "HDMI_TX_D[6]",
					"strict" : false
				},
				{
					"name" : "HDMI_TX_D[7]",
					"strict" : false
				},
				{
					"name" : "HDMI_TX_D[8]",
					"strict" : false
				},
				{
					"name" : "HDMI_TX_D[9]",
					"strict" : false
				},
				{
					"name" : "HDMI_TX_D[10]",
					"strict" : false
				},
				{
					"name" : "HDMI_TX_D[11]",
					"strict" : false
				},
				{
					"name" : "HDMI_TX_D[12]",
					"strict" : false
				},
				{
					"name" : "HDMI_TX_D[13]",
					"strict" : false
				},
				{
					"name" : "HDMI_TX_D[14]",
					"strict" : false
				},
				{
					"name" : "HDMI_TX_D[15]",
					"strict" : false
				},
				{
					"name" : "HDMI_TX_D[16]",
					"strict" : false
				},
				{
					"name" : "HDMI_TX_D[17]",
					"strict" : false
				},
				{
					"name" : "HDMI_TX_D[18]",
					"strict" : false
				},
				{
					"name" : "HDMI_TX_D[19]",
					"strict" : false
				},
				{
					"name" : "HDMI_TX_D[20]",
					"strict" : false
				},
				{
					"name" : "HDMI_TX_D[21]",
					"strict" : false
				},
				{
					"name" : "HDMI_TX_D[22]",
					"strict" : false
				},
				{
					"name" : "HDMI_TX_D[23]",
					"strict" : false
				},
				{
					"name" : "LED[6]",
					"strict" : false
				},
				{
					"name" : "LED[1]",
					"strict" : false
				},
				{
					"name" : "HDMI_TX_DE",
					"strict" : false
				},
				{
					"name" : "HDMI_TX_HS",
					"strict" : false
				},
				{
					"name" : "HDMI_TX_VS",
					"strict" : false
				},
				{
					"name" : "LED[0]",
					"strict" : false
				},
				{
					"name" : "LED[7]",
					"strict" : false
				},
				{
					"name" : "CAMERA_PWDN_n",
					"strict" : false
				},
				{
					"name" : "MIPI_RESET_n",
					"strict" : false
				},
				{
					"name" : "LED[5]",
					"strict" : false
				},
				{
					"name" : "CAMERA_I2C_SCL",
					"strict" : false
				},
				{
					"name" : "MIPI_I2C_SCL",
					"strict" : false
				},
				{
					"name" : "CAMERA_I2C_SDA",
					"strict" : false
				},
				{
					"name" : "HDMI_I2C_SCL",
					"strict" : false
				},
				{
					"name" : "HDMI_I2C_SDA",
					"strict" : false
				},
				{
					"name" : "MIPI_I2C_SDA",
					"strict" : false
				},
				{
					"name" : "SW[3]",
					"strict" : false
				},
				{
					"name" : "FPGA_CLK3_50",
					"strict" : false
				},
				{
					"name" : "FPGA_CLK1_50",
					"strict" : false
				},
				{
					"name" : "FPGA_CLK2_50",
					"strict" : false
				},
				{
					"name" : "KEY[0]",
					"strict" : false
				},
				{
					"name" : "MIPI_PIXEL_CLK",
					"strict" : false
				},
				{
					"name" : "MIPI_PIXEL_HS",
					"strict" : false
				},
				{
					"name" : "MIPI_PIXEL_VS",
					"strict" : false
				},
				{
					"name" : "HDMI_TX_INT",
					"strict" : false
				},
				{
					"name" : "KEY[1]",
					"strict" : false
				},
				{
					"name" : "MIPI_PIXEL_D[4]",
					"strict" : false
				},
				{
					"name" : "MIPI_PIXEL_D[3]",
					"strict" : false
				},
				{
					"name" : "MIPI_PIXEL_D[2]",
					"strict" : false
				},
				{
					"name" : "MIPI_PIXEL_D[5]",
					"strict" : false
				},
				{
					"name" : "MIPI_PIXEL_D[6]",
					"strict" : false
				},
				{
					"name" : "MIPI_PIXEL_D[7]",
					"strict" : false
				},
				{
					"name" : "MIPI_PIXEL_D[1]",
					"strict" : false
				},
				{
					"name" : "MIPI_PIXEL_D[0]",
					"strict" : false
				},
				{
					"name" : "MIPI_PIXEL_D[9]",
					"strict" : false
				},
				{
					"name" : "MIPI_PIXEL_D[8]",
					"strict" : false
				}
			]
		}
	]
}