<?xml version="1.0" encoding="UTF-8"?>
<preferences>
 <debug showDebugMenu="0" />
 <systemtable filter="All Interfaces">
  <columns>
   <connections preferredWidth="239" />
   <irq preferredWidth="34" />
   <name preferredWidth="244" />
   <description preferredWidth="314" />
  </columns>
 </systemtable>
 <library
   expandedCategories="Library/DSP/Video and Image Processing,Library/University Program/Audio &amp; Video,Library/University Program,Project,Library/DSP,Library/University Program/Audio &amp; Video/Video,Library" />
 <window width="1936" height="1056" x="-8" y="-8" />
 <hdlexample language="VERILOG" />
</preferences>
